1,mauris morbi non,23/11/2021,17:27,3,vulputate ut ultrices vel augue vestibulum,1
2,potenti nullam porttitor,21/9/2021,17:25,14,nulla sed vel enim sit,19
3,eu orci mauris lacinia,21/1/2021,3:59,4,felis eu sapien cursus vestibulum,18
4,pellentesque eget nunc donec,6/10/2021,21:14,10,in consequat ut nulla sed accumsan,8
5,quis justo,6/5/2021,7:35,8,morbi quis tortor id nulla ultrices,15
6,interdum mauris non,5/1/2021,7:40,8,turpis donec posuere metus vitae ipsum,11
7,sagittis nam,26/12/2020,4:52,15,eu mi nulla ac enim in,17
8,eu orci mauris,8/9/2021,0:09,11,nisl ut volutpat sapien arcu sed,18
9,lacus morbi sem mauris,7/3/2021,0:31,8,nascetur ridiculus mus vivamus vestibulum,3
10,elit proin risus praesent,5/10/2021,7:13,6,non mi integer ac neque,14
11,odio curabitur convallis,17/3/2021,5:01,11,rutrum rutrum neque aenean auctor gravida,0
12,odio elementum eu,12/8/2021,14:45,13,in sapien iaculis congue vivamus metus,7
13,scelerisque quam,20/11/2021,9:06,4,ipsum primis in faucibus orci luctus,10
14,curae mauris,2/1/2021,18:56,4,et magnis dis parturient montes,8
15,vestibulum vestibulum ante ipsum,11/11/2021,16:10,10,et ultrices posuere cubilia curae,5
16,pede morbi,17/4/2021,22:20,7,eu massa donec dapibus duis,2
17,elit sodales scelerisque,14/2/2021,23:30,13,nullam sit amet turpis elementum,3
18,natoque penatibus et,2/10/2021,3:02,15,pede ac diam cras pellentesque volutpat,18
19,dui vel,21/8/2021,19:02,13,quam fringilla rhoncus mauris enim leo,18
20,ut nulla sed accumsan,22/4/2021,15:59,9,lacus at turpis donec posuere,13
21,justo nec condimentum neque,12/12/2021,7:45,2,velit id pretium iaculis diam erat,4
22,enim lorem,10/10/2021,19:14,9,maecenas ut massa quis augue luctus,16
23,aliquam non mauris morbi,3/1/2021,,15,sed interdum venenatis turpis enim,16
24,at nulla,18/8/2021,5:03,10,justo sit amet sapien dignissim vestibulum,1
25,arcu sed augue,10/8/2021,22:45,5,vel pede morbi porttitor lorem,0
26,tempor convallis nulla neque,5/6/2021,19:45,4,accumsan tortor quis turpis sed,10
27,sociis natoque penatibus,3/5/2021,12:57,6,sed lacus morbi sem mauris,1
28,pede morbi,28/7/2021,8:23,4,nulla ac enim in tempor turpis,11
29,nec dui luctus,28/1/2021,,11,justo maecenas rhoncus aliquam lacus morbi,12
30,eros vestibulum ac est,9/4/2021,,4,turpis enim blandit mi in porttitor,4
