1,"Maecenas leo odio, condimentum id, luctus nec, molestie sed, justo. Pellentesque viverra pede ac diam. Cras pellentesque volutpat dui."
2,Nulla ut erat id mauris vulputate elementum. Nullam varius. Nulla facilisi.
3,Sed ante. Vivamus tortor. Duis mattis egestas metus.
4,Suspendisse potenti. In eleifend quam a odio. In hac habitasse platea dictumst.
5,Cras non velit nec nisi vulputate nonummy. Maecenas tincidunt lacus at velit. Vivamus vel nulla eget eros elementum pellentesque.
6,Duis aliquam convallis nunc. Proin at turpis a pede posuere nonummy. Integer non velit.
7,"Mauris enim leo, rhoncus sed, vestibulum sit amet, cursus id, turpis. Integer aliquet, massa id lobortis convallis, tortor risus dapibus augue, vel accumsan tellus nisi eu orci. Mauris lacinia sapien quis libero."
8,"Quisque id justo sit amet sapien dignissim vestibulum. Vestibulum ante ipsum primis in faucibus orci luctus et ultrices posuere cubilia Curae; Nulla dapibus dolor vel est. Donec odio justo, sollicitudin ut, suscipit a, feugiat et, eros."
9,In congue. Etiam justo. Etiam pretium iaculis justo.
10,"Sed sagittis. Nam congue, risus semper porta volutpat, quam pede lobortis ligula, sit amet eleifend pede libero quis orci. Nullam molestie nibh in lectus."
